,AAPL,MSFT,JNJ,XOM,BTC
AAPL,1.0,-0.022607656686619727,0.0004200919326672254,0.05957864624897033,0.004206703542062877
MSFT,-0.022607656686619727,1.0,0.006903045032205806,-0.007482751181726284,0.051653544776051885
JNJ,0.0004200919326672254,0.006903045032205806,1.0,-0.03336505781634966,0.014124644584121994
XOM,0.05957864624897033,-0.007482751181726284,-0.03336505781634966,1.0,-0.06518694038261517
BTC,0.004206703542062877,0.051653544776051885,0.014124644584121994,-0.06518694038261517,1.0
